{
  "name": "default",
  "screen": {
    "orientation": "landscape",
    "preset": "240x320",
    "presets": [
      {
        "name": "240x320",
        "w": 240,
        "h": 320
      },
      {
        "name": "320x480",
        "w": 320,
        "h": 480
      },
      {
        "name": "480x800",
        "w": 480,
        "h": 800
      }
    ]
  },
  "button": {
    "radius": 0
  },
  "cover_art": {
    "mode": "fill",
    "no_cover_behavior": "cassette"
  },
  "visualizer": {
    "n_bars": 24,
    "n_segs": 16
  },
  "layout": {
    "panels": {
      "art": 0.54375,
      "title": 0.06875,
      "seek": 0.075,
      "ctrl": 0.18125
    },
    "ctrl_buttons": {
      "y_off": 0.103448,
      "h": 0.793103,
      "prev": {
        "x": 0.016667,
        "w": 0.179167
      },
      "rev": {
        "x": 0.2125,
        "w": 0.179167
      },
      "play": {
        "x": 0.408333,
        "w": 0.183333
      },
      "ff": {
        "x": 0.608333,
        "w": 0.179167
      },
      "next": {
        "x": 0.804167,
        "w": 0.179167
      }
    },
    "vol_row": {
      "y_off": 0.166667,
      "h": 0.666667,
      "shf": {
        "x": 0.016667,
        "w": 0.15
      },
      "rpt": {
        "x": 0.183333,
        "w": 0.15
      },
      "vol_minus": {
        "x": 0.733333,
        "w": 0.116667
      },
      "vol_plus": {
        "x": 0.866667,
        "w": 0.116667
      }
    },
    "seek_bar": {
      "x": 0.133333,
      "w": 0.733333,
      "y_off": 0.291667,
      "h": 0.416667
    },
    "vol_bar": {
      "x": 0.466667,
      "w": 0.25,
      "y_off": 0.404762,
      "h": 0.190476
    }
  },
  "palette": {
    "BG": [
      8,
      8,
      10
    ],
    "ART_BG": [
      5,
      5,
      8
    ],
    "PANEL": [
      16,
      20,
      26
    ],
    "FG": [
      220,
      220,
      220
    ],
    "DIM": [
      85,
      85,
      90
    ],
    "ACCENT": [
      70,
      190,
      85
    ],
    "BTN_FACE": [
      34,
      44,
      56
    ],
    "BTN_HI": [
      62,
      80,
      102
    ],
    "BTN_SH": [
      12,
      15,
      19
    ],
    "BTN_FG": [
      200,
      210,
      222
    ],
    "BTN_ACTIVE": [
      55,
      165,
      72
    ],
    "BTN_ACT_FG": [
      5,
      5,
      5
    ],
    "SEEK_BG": [
      20,
      32,
      20
    ],
    "VOL_BG": [
      20,
      32,
      20
    ],
    "BORDER": [
      30,
      42,
      30
    ]
  }
}