{
  "name": "win95P",
  "screen": {
    "orientation": "portrait",
    "preset": "240x320",
    "presets": [
      { "name": "240x320", "w": 240, "h": 320 },
      { "name": "320x480", "w": 320, "h": 480 },
      { "name": "480x800", "w": 480, "h": 800 }
    ]
  },
  "button": {
    "radius": 0
  },
  "cover_art": {
    "mode": "fill"
  },
  "visualizer": {
    "n_bars": 24,
    "n_segs": 16
  },
  "layout": {
    "panels": {
      "art":   0.54375,
      "title": 0.06875,
      "seek":  0.075,
      "ctrl":  0.18125
    },
    "ctrl_buttons": {
      "y_off": 0.103448,
      "h":     0.793103,
      "prev": { "x": 0.016667, "w": 0.179167 },
      "rev":  { "x": 0.2125,   "w": 0.179167 },
      "play": { "x": 0.408333, "w": 0.183333 },
      "ff":   { "x": 0.608333, "w": 0.179167 },
      "next": { "x": 0.804167, "w": 0.179167 }
    },
    "vol_row": {
      "y_off": 0.166667,
      "h":     0.666667,
      "shf":       { "x": 0.016667, "w": 0.15 },
      "rpt":       { "x": 0.183333, "w": 0.15 },
      "vol_minus": { "x": 0.733333, "w": 0.116667 },
      "vol_plus":  { "x": 0.866667, "w": 0.116667 }
    },
    "seek_bar": { "x": 0.133333, "w": 0.733333, "y_off": 0.291667, "h": 0.416667 },
    "vol_bar":  { "x": 0.466667, "w": 0.25,     "y_off": 0.404762, "h": 0.190476 }
  },
  "palette": {
    "BG":        [0,   128, 128],
    "ART_BG":    [0,   96,  96],
    "PANEL":     [192, 192, 192],
    "FG":        [0,   0,   0],
    "DIM":       [128, 128, 128],
    "ACCENT":    [0,   128, 128],
    "BTN_FACE":  [192, 192, 192],
    "BTN_HI":    [255, 255, 255],
    "BTN_SH":    [64,  64,  64],
    "BTN_FG":    [0,   0,   0],
    "BTN_ACTIVE":   [0,   128, 128],
    "BTN_ACT_FG":   [255, 255, 255],
    "SEEK_BG":   [128, 128, 128],
    "VOL_BG":    [128, 128, 128],
    "BORDER":    [128, 128, 128]
  }
}
